1,1088 Email Press
2,2425 Publishers
3,A M Publishers
4,ABC Journals
5,Abhinav
6,Academe Research Journals
7,Academia Publishing
8,Academia Research
9,Academia Scholarly Journals (ASJ)
10,Academic and Business Research Institute
11,Academic and Scientific Publishing
12,Academic Direct Publishing House
13,Academic Journals
14,Academic Journals and Research ACJAR
15,Academic Journals Online (AJO)
16,"Academic Journals, Inc."
17,Academic Knowledge and Research Publishing
18,Academic Organization for Advancement of Strategic and International Studies (Academic OASIS)
19,"Academic Publications, Ltd."
20,"Academic Publications, Prime Publications (also here)"
21,"Academic Research in Science, Engineering, Art and Management (ARSEAM)"
22,Academic Research Journals
23,Academic Research Publishers (ARPUB)
24,Academic Research Publishing Agency
25,Academic Research Publishing Group
26,Academic Research Publishing House
27,Academic Scholars Publishing House
28,Academic Sciences
29,Academic Solutions (union of Academic Publications Ltd. and Dynamic Publishers)
30,Academic Star Publishing Company (also here)
31,Academic Web Publishers (AWP)
32,Academic World Education & Research Center
33,AcademicDirect Publishing House
34,Academicians’ Research Center (ARC) (ARC Journals)
35,Academics World
36,Academy for Environment and Life Sciences
37,Academy Journals
38,Academy of Business & Scientific Research (ABSR)
39,Academy of IRMBR International Research in Management and Business Realities
40,Academy of Knowledge Process
41,Academy of Science and Engineering (ASE)
42,Academy of Science and Social Science (ASSS)
43,Academy of Scientific and Applied Research (ASAAR)
44,Academy Publish
45,Access International Journals
46,Access Journals
47,Access Publishers
48,ACT Publishing
49,ACTA Press
50,Acta Scientific
51,Acta Scientifica
52,AD Publication
53,AD Publications
54,Ada Lovelace Publications
55,Advance Educational Institute & Research Centre (AEIRC)
56,Advance Journals
57,Advanced Institute of Convergence Information Technology (AICIT)
58,Advanced Journals
59,Advanced Research Journals
60,Advanced Research Publications
61,Advanced Research Society for Science and Sociology (ARSSS)
62,Advanced Scholars Journals
63,Advanced Science and Engineering Technology Institute (ASET)
64,Advanced Science Research Journals
65,Advanced Technology & Science (ATScience)
66,Advancement and Development in Technology International (Aditi)
67,Advancements in Science
68,Adyan Academic Press
69,AENSI (American-Eurasian Network for Scientific Information)
70,AEPress
71,African Research Review (AFRREV)
72,AgiAl Publishing House
73,Agropub
74,AGU Publications
75,AI Publications
76,AINSTIN Knowledge Hub
77,AIRCC Publishing Corporation
78,Aizeon Publishers
79,AJPO Journals
80,Akademia Baru Publishing (previously Penerbit Akademia Baru)
81,Akademik Plus Publication
82,Albert Science International Organization
83,Allied Academies
84,Allied Journals
85,Ambit Journals
86,AME Publishing Company (new website here)
87,American Academic & Scholarly Research Center (AASRC)
88,American Association for Science and Technology (AASCIT)
89,American Journal
90,American Research Institute for Policy Development
91,American Research Journals
92,American Research Publications
93,American Scholarly Research Association
94,American Scientific Publishers
95,American Scientific Research Journals
96,American Society of Registered Nurses
97,American Society of Science and Engineering
98,American V-King Scientific Publishing
99,"Amoghsiddhi Education Society (AES) (AES Journals in Engineering Technology, Management, and Sciences - AES E-JOURNALS) (also here)"
100,AMS Central
101,Andrew John Publishing Inc.
102,Annex Publishers
103,ansinet (Asian Network for Scientific Information)
104,Ant Journals (Antjournals) (related to Nobel International Journals)
105,Antarctic Journals
106,Aperito Online Publishing
107,Apex Journal
108,Applied Science Innovations
109,APST Publication
110,Arabian Group of Journals (AGJ)
111,Aradhya International Publication
112,ARC Journals
113,Archers & Elevators Publishing House
114,Archyworld
115,ARDA Conference
116,Arena Of Sciences
117,ARPN Journals
118,AS Publishers
119,Asclepius Open
120,ASD Publisher
121,Ashdin Publishing
122,AshEse Visionary
123,Asia Pacific Institute of Advanced Research
124,Asian Academic Research Associates
125,Asian and American Research Publishing Group
126,Asian Economic and Social Society (AESS)
127,Asian Intellect
128,Asian Online Journal Publishing Group
129,Asian Online Journals
130,Asian Pharma Press
131,Asian Publication Corporation (Asian Pub. Corp.)
132,Asian Research Consortium
133,Asian Transactions
134,Asia-Pacific Association of Medical Research
135,Associated Asia Research Foundation (AARF)
136,"Association for Sustainable Education, Research and Science (ASERS Publishing) (new website here)"
137,Association of Computer Electronics and Electrical Engineers (ACEEE)
138,Association of North America Higher Education International (ANAHEI)
139,Aster Publications
140,AstonJournals
141,Athal Press & Media
142,Atharva Scientific Publications
143,Athens Institute for Education and Research (ATINER)
144,"Atlas Publishing, LP"
145,"Auctores Publishing, LLC"
146,Aufau Periodicals (AP)
147,Austin Publishing Group
148,Australasian Centre for Research and Development (ACRD)
149,Australian Academy of Business and Social Sciences
150,Australian Academy of Business Leadership
151,Australian International Academic Centre Pty. Ltd.
152,Australian International Research Consortium (Australian International Journals)
153,Australian Society for Commerce Industry & Engineering (SCIE)
154,Austrian E-Journals of Universal Scientific Organization
155,Austrian Scientific Publication House
156,Avanti Publishers.com
157,Avens Publishing Group
158,Avestia Publishing
159,Avicena Publisher
160,Avid Science
161,Axis Journals
162,Baishideng Publishing Group
163,Basha Research Corporation (BRCORP)
164,Basic Research Journals
165,Bell Press
166,Bentham Open
167,Best Journals
168,Better Advances Press
169,Betty Jones & Sisters Publishing
170,Bilingual Publishing Co
171,Binary Information Press
172,Bio Accent (Bioaccent)
173,Bio Core (Biocore)
174,Bio-Byword Publishing PTY LTD​
175,Bioflux Society
176,Biogeneric Publishers
177,Biohelikon
178,Biohouse Publishing Group
179,BioInfo Publications
180,BioIT international Journals (Bi International Journals)
181,Biological and Chemical Publishing
182,BioMed Press
183,BioMed Research
184,"BiomedGrid, LLC"
185,"Biomedical Research Network+, LLC"
186,BioMedSciDirect Publications
187,BioPublisher
188,Bioscience Research & Educational Institute
189,Birlesik Dunya Yenilik Arastirma ve Yayincilik Merkezi
190,Blaze Journals
191,Blue Apple Publications
192,Blue Eyes Intelligence Engineering & Sciences Publication
193,Blue Ocean Research Journals
194,BluePen Journals
195,Boffin Access
196,Bonfring
197,"Book Publisher International (BookPI) (linked to ScienceDomain International, another predatory publisher)"
198,Bosal Journals
199,Bowen Publishing
200,Boya Century Publishing
201,Brainy Buzz
202,Brazilian Journals Publicações
203,Bret Research Journals
204,British Association of Academic Research (BAAR)
205,"British Bio Medicine Institute (British BioMedicine Publishers, BBM Publishers)"
206,British Journal
207,British Open Research Publications
208,BRNSS Publication Hub
209,Business Journalz (BJ)
210,Business Perspectives
211,BUSSECON International Publishing (BSCint)
212,Cafet Innova Technical Society (CITS)
213,Cairo Center for Development Benchmarking
214,Cambridge Scholars Publishing (CSP)
215,Canadian Academy of Oriental and Occidental Culture (see CSCanada)
216,Canadian Center of Science and Education
217,Canadian Research & Development Center of Sciences and Cultures (see CSCanada)
218,Canadian Research Publication
219,Canadian Science and Research Group (CANSRG)
220,Canadian Science and Technology Press Inc.
221,Cardiology Academic Press
222,CARI Journals
223,Cenetri Publishing Group
224,Center for Academic Research (CAR) (linked to RIPK)
225,Center for Contemporary Research (CCR) (linked to RIPK)
226,Center for Enhancing Knowledge (CEK UK)
227,Center for Global Research Development (CGRD)
228,Center for Natural Science & Engineering Research (CNSER/CenNSER)
229,Center for Promoting Education and Research (CPER)
230,Center for Promoting Ideas
231,Center for the Development and Dissemination of Knowledge
232,Center of Advanced Scientific Research and Publications (CASRP)
233,Central Bohemia University Publishing
234,Central Research Insight
235,Centre For Info Bio Technology (CIBTech)
236,"Centre for Multidisciplinary Research, Innovation and Collaboration (C-MRiC.ORG)"
237,Centre for Promoting Knowledge (CPK UK)
238,Centre for Research on Islamic Banking & Finance and Business (CRIBFB)
239,Centre of Excellence for Scientific & Research Journalism (COES&RJ)
240,Centre of Promoting Research Excellence (CPRE)
241,CESER Publications (another website here)
242,Chembio Publishers (new website here)
243,Chitkara University Publications
244,Cientific Group
245,CIRWORLD (also here)
246,Clerisy Publishers
247,ClinMed International Library
248,Cloud Journals
249,Cloud Journals (also Cloud Publications)
250,Cloud Publications
251,Clyto Access
252,CME Publishing Group (inactive)
253,Coalesce Research Group
254,Coltharp Institute
255,Columbia International Publishing
256,Companhia Brasileira de Produção Científica (CBPC) or Sustenere Publishing
257,Comparative Journals
258,Comprehensive Research Journals
259,Computer Science Journals
260,CONFAB Journals
261,Congress Press
262,Consortia Academia
263,"CONSORTIUM Intellectual Consortium of Drug Discovery and Technology Development, Inc. (ICDTD Inc.)"
264,Contemporary Research Center (CRC Publications)
265,Convergence Information Society
266,Copernicus Publishing
267,Corpus Publishers
268,Cosmic Journals
269,Cosmos Scholars Publishing House
270,Council for Innovative Research
271,CRDEEP International Journals
272,Cresco Online Publishing (also here)
273,CREST Journals
274,Crimson Publishers​
275,Crown Journals
276,CSCanada
277,CSK Scientific Press
278,CTR Publications
279,Current Research Web
280,Cyber Journals
281,DAMA International
282,Darsgah-e-Ahlebait
283,Darshan Publishers
284,David Publishing (also here)
285,Dean & Francis (D&F)
286,Deccan Pharma Journals
287,DeNovo Scientific Publishing
288,Dentamed Publishing
289,Design for Scientific Renaissance
290,"DEStech Publications, Inc."
291,Developing Country Think Tank Institute
292,Dhan Med Publishers
293,Didactic Journals
294,Digital Information Research Foundation (DIRF)
295,Digital Science Press
296,Direct Research Journals
297,DISA Publication Group (DP Group)
298,Discourse Journals
299,Discovery Publication
300,DJ Publications
301,Donnish Journals
302,Dorma Journals
303,Dr.BGR Publications
304,DRUNPP Sarajevo (Society for Development of Teaching and Business Processes in New Net Environment in B&H)
305,Dynamic Publishers
306,e3Journals
307,Eagle Publishing Group
308,Earth Journals
309,East African Scholars Publisher (EAS Publisher)
310,East West Association For Advanced Studies and Higher Education
311,Ebioscholar
312,Ebu Press
313,eCanadian Journals
314,e-Century Publishing Corporation
315,Econjournals
316,E-Cronicon
317,Edelweiss Publications
318,EDUGAIT Press
319,Edupedia Publications (see also International Scholarly Open Access Research)
320,Eighth Sense Research Group
321,Einstein International Journal Organization (EIJO)
322,E-International Journals of Academic & Scientific Research (EIJASR)
323,E-International Scientific Research Journal Consortium (E-ISRJC)
324,EISRJC Journals (E-International Scientific Research Journal Consortium)
325,"eJM (eJM Science, eJManager)"
326,e-journal (see also here)
327,eJournals of Academic Research & Reviews
328,Eko Journal
329,eLearning Institute
330,Electronic Center for International Scientific Information
331,Elewa Bio Sciences
332,Elite Hall Publishing House
333,Elite Research Journals
334,ELK Asia Pacific Journals
335,ElmCore Journals
336,Elmer Press
337,ELVEDIT.COM
338,Elyns Publishing Group
339,Emeraldtree Publishing
340,Emerging Academy Resources (EAR)
341,EMRES Publishers
342,ENCYCLOPAEDIC PUBLISHING PTE.LTD (associated with PiscoMed Publishing and Frontier Scientific Publishing)
343,Engineering and Technology Publishing
344,Engineering Information Institute (ENGII)
345,Engineering Journals (Engg Journals Publications)
346,Engineering Publication House
347,Engineering Research Publication
348,Enhanced Research Publications (ER Publications)
349,Enliven Archive
350,EnPress Publisher
351,Enriched Science Publication
352,Enviro Publishers / Enviro Research Publishers
353,EPH Journal (Engineers Publication House)
354,EPIX PUB (EPIXPUB)
355,EPRA Journals
356,EPRA Wisdom
357,ERM Publications (Educational Research Multimedia & Publications)
358,Erudite Journals Limited
359,ESci Journals Publishing
360,e-Science Central
361,eScience Publisher (eSciPub)
362,eScientific Research (eSciRes)
363,ESRSA Publication (Engineering and Science Research Support Academy)
364,ETA Maths Journals
365,Ethan Publishing Company
366,Eurasian Academy of Sciences (Avrasya Bilimler Akademisi)
367,Eurasian Publications
368,Eurasian Research Publishing
369,Eurasian Union of Scientists (Eurasian Scientific Union ESU)
370,Euro Asia Research and Development Association
371,EuroJournals
372,European Center for Science Education and Research (EUSER)
373,European Journals of Business Management (EJoBM)
374,European Journals of Education Studies
375,European Open Access Publishing (EUROPA)
376,European Union Research Publishing
377,European-American Journals (and here) (EAJournals)
378,Everant
379,EverScience Publications
380,"ExcelingTech Publishing Company, Ltd."
381,Excellent Publishers
382,Excellent Word Journals
383,Excelytics Publishers
384,Expert Journals
385,Far East Research Centre
386,Ficus Publishers
387,Finlogy
388,"FM Publishers (FM Journals, Frontiers Meetings)"
389,"Focus in Research & Education (FIRE, Firepubs)"
390,ForteOpen Journals
391,Fortune Journals
392,Foundation for Promotion of Basic & Applied Science (FOPRAS)
393,Friends Science Publishers (FSP)
394,Frontier Scientific Publishing (associated with PiscoMed Publishing and ENCYCLOPAEDIC PUBLISHING)
395,Frontiers in Bioscience (FBS)
396,Frontiers
397,FSSH Scholarly Journals
398,Fundamental Journals
399,Fundamental Research and Development International (FRDI)
400,Future Academy
401,Galore Knowledge Publication Pvt. Ltd.
402,Gatha Cognition
403,Gavin Publishers
404,GBS Publishers & Distributors (India)
405,Geist Science
406,Genexcellence Publication (G Publications)
407,German Science and Technology Press
408,Gexin Publications
409,GIAP Journals
410,GJ Publications (G J Publications)
411,GJR Publication
412,Global Academic Institute
413,Global Advanced Research Journals
414,Global Business Research Journals
415,Global Institute for Research and Education
416,Global International Scientific Analytical Project (GISAP) (see International Academy of Science and Higher Education)
417,"Global Journals, Inc. (US) (new websites: https://globaljournals.org/ and https://journalofscience.org/)"
418,Global Open Journals
419,Global Openaccess
420,Global Press Hub (GPH)
421,Global Publishing Corporation
422,Global Research Journals
423,Global Research Online
424,Global Research Publishing (GRP)
425,Global Researchers Journals
426,Global Scholars Journals
427,Global Science Center LP
428,Global Science Publishing Group
429,Global Science Research Journals
430,Global Scientific Journals
431,Global Scientific Research Journals (GSR)
432,"Global Scientific, Inc."
433,Global Society of Scientific Research and Researchers (GSSRR)
434,Global Technocrats & Intellectual’s Association (GTIA)
435,Global Vision Press
436,GlobalSkope Publishing Society
437,Globeedu Group
438,Gnosis Open Access Publishers (re-branded as Gratis Open Access Publishers)
439,Gopalax
440,GPH Journal (Global Publication House International Journals) (connected to EPH Journal)
441,GRABS Educational Charitable Trust
442,Graphy Publications
443,Gratis Open Access Publishers
444,GRDS Publishing
445,Green Earth Research Network
446,Green Global Foundation (GGF)
447,Green Publication
448,Greener Journals
449,Greenfield Advanced Research Publishing House
450,Growing Science Publishing Company
451,GS Publishers
452,GSB Life Sciences
453,Gupta Publications
454,Gurpukur Research Institute (GPRI) (g-Science)
455,Gyancity Research Lab Private Limited
456,Halmac Research
457,"Hans Publishers, Inc. (HansPub)"
458,Har Krishan Bhalla & Sons (HKB Publications)
459,Healthcare Bulletin
460,Heighten Science Publications (HSP)
461,Helics Scientific Network (Helics Group)
462,Hendun Research Access
463,Henry Publishing Group
464,Herald International Research Journals
465,Herald Scholarly Open Access
466,Herbert Open Access Journals (Herbert Publications)
467,Hikari Ltd.
468,Hilaris
469,Hilaris Publisher (Hilaris SRL) (connected to OMICS)
470,Hind Agri-Horticultural Society (HAHS; HIND Institutes; Research Journals)
471,Hindawi
472,Horizon Journals
473,Horizon Publisher India
474,Horizon Research Publishing
475,Human and Sciences Publications (HumanPub)
476,Human Resource Management Academic Research Society (HRMARS)
477,IAMURE Multidisciplinary Research
478,ibai-publishing
479,IBIMA Publishing
480,ICGST
481,iConcept Press Ltd.
482,ICTACT Journal
483,Id Press / ID Design
484,IERI & PRESS
485,i-Explore International Research Journals Consortium (IIRJC)
486,IGI Global
487,IGM Publication
488,IIARD Publication Company (International Institute of Academic Research and Development - IIARD)
489,iJARS Group
490,Ijbsse.org
491,ijManager – Online Journal Management
492,IJRCM
493,i-manager Publications
494,IMED Research Publications
495,iMed.pub
496,iMedPharm
497,"Impact Journals (New York State, USA)"
498,"Impact Journals (Tamil Nadu, India)"
499,Imperial Journals
500,Imprints Open Access
501,Incessant Nature Science Publishers (INSPublishers)
502,Inderscience Publishers (also here)
503,Indian Academicians and Researchers Association (IARA)
504,Indian Society for Education and Environment (ISEE)
505,IndianResearchJournals.Com
506,"Indus Foundation for Education, Research & Social Welfare"
507,Infinity Press
508,infofacility
509,Infogain Publication
510,Infonomics Society
511,Inforesights Publishing
512,Informatics Journals
513,Information Engineering Research Institute (IERI)
514,Informing Science Institute (ISI)
515,Ingenious Enterprises International (INGENIN)
516,Innovare Academic Sciences
517,Innovation Info (Innovationinfo)
518,Innovational Publishers
519,Innovative Journals
520,Innovative Publication
521,Innovative Space of Scientific Research (ISSR Journals)
522,Innovinc
523,"Innovision Health Media, Inc."
524,INPRESSCO (International Press Corporation)
525,INREWI
526,Insight Core
527,Insight Knowledge (also here)
528,Insight Medical Publishing (IMedPub)
529,Instaci
530,"Institute for Environment, Engineering, Economics (inactive)"
531,Institute for Promoting Research & Policy Development (IPRPD)
532,Institute for Research and Development India (IRD)
533,Institute of Advanced Scientific Research
534,Institute of Doctors Engineers and Scientists (IDES)
535,Institute of Electronic & Information Technology
536,Institute of Integrative Omics and Applied Biotechnology
537,Institute of Language and Communication Studies
538,Institute of Mathematics and Management (IMM)
539,Institute of Research Advances (IRA)
540,Institute of Research and Journals (IRAJ)
541,Institute of Research Engineers and Doctors (theIRED)
542,Institute of Research Engineers and Scientists
543,Institute of Research In Engineering and Technology (IRET)
544,Institute of Strategic and International Studies
545,InTechOpen (also here)
546,Integrated Academic Journals
547,Integrated Intelligent Research (IIR)
548,Integrated Publishing Association
549,Integrated Science Publications
550,Intellectual Archive
551,Intercontinental Management Research Review (ICMRR)
552,Interlink Continental Journals
553,Intermedcentral
554,International Academic Journals
555,International Academic Publishing House
556,International Academy for Advancement of Business Research (IAABR)
557,International Academy for Science & Technology Education and Research (IASTER)
558,"International Academy of Arts, Science & Technology (IAAST)"
559,International Academy of Business
560,International Academy of Business & Economics (IABE)
561,International Academy of Computer & IT Engineering (IACITE)
562,International Academy of Ecology and Environmental Sciences (IAEES)
563,International Academy of Science and Higher Education (IASH)
564,"International Academy of Science, Engineering and Technology (IASET)"
565,"International Academy of Science, Engineering and Technology (International ASET)"
566,"International Academy of Science, Technology, Engineering and Management"
567,International Academy Publishing (IAP)
568,International Advances for Research
569,"International Agency for Development of Culture, Education and Science"
570,International Association for Academians
571,International Association for Engineering & Technology
572,International Association for Engineering and Management Education (IAEME)
573,International Association for Research and Science (IARAS)
574,International Association of Advances in Engineering and Technology (IAAET)
575,International Association of Computer Science and Information Technology (IACSIT Press)
576,International Association of Engineering & Technology Researchers (IAETR)
577,International Association of Engineers (IAENG)
578,International Association of Journals & Conferences (IAJC)
579,International Association of Science and Technology for Development (IASTED)
580,International Association of Scientific Innovation and Research (IASIR)
581,International Association of Technology Education & Industry
582,International Bauhaus Science Press
583,International Business Academics Consortium (IBAC)
584,International Center for Business Research
585,International Center for Promoting Knowledge (USA) (ICPK)
586,International Centre for Integrated Development Research (ICIDR)
587,International Centre of Culture Inventory
588,International Computer Science and Engineering Society (ICSES)
589,International Conference on Computer Science and Engineering
590,International Digital Organization for Scientific Information (IDOSI)
591,International Economics Development and Research Center (IEDRC)
592,International Education Research Foundation (IERF)
593,International Educative Research Foundation And Publisher
594,International eJournals
595,International Formulae Group (IFG)
596,International Forum of Researchers Students and Academician (IFRSA)
597,International Foundation for Modern Education and Scientific Research (INFOMESR)
598,International Foundation for Research and Development
599,International House for Academic Scientific Research
600,International Indexed Refereed Research Journal
601,International Information Institute
602,"International Institute for Private, Commercial and Competition Law"
603,"International Institute for Science, Technology and Education (IISTE) (International Knowledge Sharing Platform)"
604,"International Institute of Education, Research and Development (IIERD)"
605,International Institute of Engineers & Researchers (also here)
606,International Institute of Engineers (IIE)
607,International Institute of Informatics and Systemics
608,International Institute of Science & Industry Research (IISIR)
609,International Institute of Social and Economic Sciences (IISES)
610,International Invention Journals
611,International Journal of Academic Research (Publisher)
612,International Journal of College & University (IJCU)
613,International Journal of Modern Research and Development (IJMRND)
614,International Journal of Research & Development Organisation (IJRDO)
615,International Journal Publishers Group
616,International Journals for Research (IJR Group)
617,International Journals for Research (IJR)
618,International Journals for Researchers
619,International Journals of Engineering & Sciences
620,International Journals of Multi Dimensional Research
621,International Journals of Multidisciplinary Research Academy
622,International Journals of N&N Global Technology (IJNNGT)
623,International Journals of Research Papers (IJRP)
624,International Journals of Research (INTJR)
625,International Journals of Sciences and High Technologies (IJSHT)
626,International Journals of Scientific Knowledge (IJSK)
627,International Journals of Scientific Research Publications (IJSRPUB)
628,International Journals of Scientific Research (IJSR)
629,International Journals (Yadav Scientific Journals Publishers)
630,International Journals.co.in
631,International Knowledge Press (also here)
632,"International Knowledge Sharing Platform (see International Institute for Science, Technology and Education - IISTE)"
633,International Network for Applied Sciences and Technology
634,International Network for Natural Sciences (INNSPUB)
635,International Network for Scientific & Industrial Information
636,International Online Knowledge Services Provider (IOKSP)
637,International Online Medical Council (IOMC)
638,International Organization Center of Academic Research (OCERINT)
639,International Organization of Scientific Invention (IOSI)
640,International Organization of Scientific Research and Development (IOSRDD)
641,International Organization of Scientific Research (IOSR Journals)
642,International Peer Reviewed Journals and Books (IPRJB)
643,International Postgraduate Network (IPN Network)
644,International Publisher & C.O (IPCO)
645,International Publisher for Advanced Scientific Journals (IPASJ)
646,International Publisher LLC
647,"International Recognition Multidisciplinary Research Journals, Monthly Publish"
648,International Recognition Research Journals
649,"International Research Association of Computer Science, & Technology (IRACST)"
650,International Research E-Journals
651,International Research Group
652,"International Research Journals (Accra, Ghana)"
653,"International Research Journals (Lagos, Nigeria)"
654,International Research Organization of Computer Science (IROCS)
655,International Research Publication House (IRPH)
656,International Research Society For Promotion of Science (INPOSO)
657,International Scholarly Open Access Research (ISOAR) (also here) (see also Edupedia Publications)
658,International Scholars Journals
659,International Science & Research Journals (ISRJ) (isrjournals)
660,International Science and Medical Journals (isaMed)
661,International Science Community Association
662,International Scientific Academic Corporation
663,International Scientific Academy of Engineering & Technology
664,International Scientific Engineering and Research Publications
665,International Scientific Invention Journals
666,International Scientific Journal (ISJ)
667,International Scientific Organization (links to Bosal)
668,International Scientific Publications
669,"International Scientific Research Organization for Science, Engineering and Technology (ISROSET)"
670,International Scientific Research Organization Journals (ISROJ)
671,International Skill Research Journals
672,International Society for Engineering Research and Development (ISERD)
673,International Society for Engineers and Researchers (ISER)
674,International Society for green.sustainable engineering and management
675,International Society for Zoological Research (ISZR)
676,International Society of Thesis Publication (ISTP)
677,International Society of Universal Research in Sciences (EyeSource)
678,International Technology and Science Publications Ltd (ITS)
679,InternationalJournals.co.in
680,Internet Scientific Publications
681,Interscience Journals
682,Interscience Open Access Journals
683,Inter-USE (International Union of Science and Education)
684,Intuition Journals
685,Invention Journals
686,IORE International
687,IOS Publishing (Institute of Science Publishing)
688,IOSR Journals (see International Organization of Scientific Research)
689,"IPN Education Group (IPN Publishing, related or a rebrand of International Postgraduate Network)"
690,iProbe Group
691,i-Proclaim (related to ABC Journals)
692,Ira Publications
693,IRDP Group of Journals (Innovative Research Developers and Publishers)
694,IRED International Journals
695,IRIS Publishers
696,IRO Journals
697,IROSSS (International Research Organization of Sciences and Social Sciences)
698,Isaac Scientific Publishing
699,iSER Publications
700,Ishaan Publishing House
701,Ishitv Technologies
702,ISISnet
703,Islamic World Network for Environmental Science and Technology (IWNEST Publisher)
704,ISPACS (International Scientific Publications and Consulting Services)
705,ITSR (InformTechCell)
706,Ivy Union Publishing
707,Jabalpur Management Association
708,Jacobs Publishers
709,JACS Directory
710,Jaypee Journals
711,JET Publishing
712,Joseph Publishing Group
713,Journal Dynamics
714,Journal Issues
715,Journal Network
716,Journal of Comprehensive Research
717,Journal of Harmonized Research Publications
718,Journal of The International Association of Advanced Technology and Science (JIAATS)
719,Journals Club & Co.
720,Journals of Scientifics R&D
721,Journals of University of Babylon
722,Journals Pub
723,JournalsBank
724,JScholar Journals
725,JSciMed Central
726,July Press
727,Juniper Publishers
728,Jyoti Academic Press
729,KAAV Publications
730,Kaleidoscope Journals
731,KambohWell Publisher Enterprises
732,Kamla Raj Enterprises (KRE Publishers)
733,KEI Journals
734,KEJA Publications
735,Kenkyu Group
736,Key Research Journals (KRJ)
737,Kiban Research Publications
738,Kindi Publication
739,Knowledge Empowerment Foundation
740,Knowledge Insights
741,Knowledge Publishing Printing & Distribution House
742,Knowledgebase Publishers
743,KnowledgeCuddle Publication
744,KnowledgesPublisher
745,Knowledgia Scientific (formerly Knowledgia Review)
746,Kogaion Publishing Center
747,Kosmos Publishers
748,Kowsar Publishing
749,Kozmenko Science Publishing
750,Krishi Sanskriti
751,KSP Journals
752,KY Publications
753,Ladder Publishing House
754,Lambert Academic Publishing
755,Landmark Research Journals
756,LAR
757,Latin American Publicações
758,Lawarence Press
759,Lecolink Research Journals
760,Lectito
761,Lectito Journals
762,Leena & Luna International
763,"Leon Publications (publisher of the Chemistry Research Journal, the Pharmaceutical & Chemical Journal, and the Journal of Scientific and Engineering Research)"
764,Lexis Publisher
765,Library of Academic Resources (LAR)
766,LIDSEN Publishing Inc. (see also Open BioMedical Publishing Corporation)
767,Lifescience Global
768,LifeSciFeed Ventures
769,Lighthouse Journal Publication (Lighthouse Journals)
770,Literati Scientific and Publishers (Literati Publishers)
771,London Journals Press
772,Longbridge Publishing Company
773,Longdom Publishing (connected to International Scholars Journals – ISJ)
774,Look Academic Publishers
775,Lorem Journals
776,Lupine Publishers
777,Macoctagon Journals
778,macroJournals
779,Macrothink Institute
780,MacroWorld
781,Madridge Publishers
782,Magnus Med Club (MMC)
783,Mainspringer
784,Mak Periodical Library
785,Management Journals
786,Marsland Press
787,Mary and Sam Research Academia
788,Maryland Institute of Research
789,MASAUM Network
790,Mathews Open Access Journals
791,Maxwell Scientific Organization
792,MAYFEB Technology Development
793,McMed International
794,Meas Publishing Ltd
795,MECS (Modern Education and Computer Science Press)
796,MedCave Publications (also here)
797,MedCrave
798,Medical science
799,Medical Science Journals
800,Medip Academy
801,Medip Academy
802,Mediterranean Center of Social and Educational Research (MCSER)
803,MEDNANO Publications
804,Medpulse Publishing Corporation (connection to Statperson Publishing Corporation)
805,Medtext Publications
806,Medwell Journals
807,Medwin Publishers
808,Meghana Publications
809,Mehria International Publishers
810,Mehta Press
811,Merit Research Journals
812,Meta Research Press
813,MK Science Set Publishers
814,MNK Publication
815,Modern Business Press
816,Modern Research Publishers
817,Modern Scientific Press
818,Molecular Biology Journals (see also OMICS)
819,Mr. Scholar
820,Muhammadon Centre for Research and Development (MCRD)
821,MuK Publications & Distributions
822,Multidisciplinary Digital Publishing Institute (MDPI)
823,Multidisciplinary Journals
824,Mustang Journals
825,N&N Global Technology (NNGT)
826,NADIA (relation to SERSC)
827,Narain Publishers Pvt. Ltd (NPPL)
828,National Association of Scholars
829,National College of Physicians
830,National FORUM Journals
831,Natural Science Simulations and Engineering Laboratory Limited (NSSEL Publishing)
832,Natural Sciences Publishing Corporation
833,Naturepub
834,Nauk Publication
835,Nemis Journals
836,Nessa Publishers (NP)
837,Net Journals
838,New Century Publishing Group
839,New Century Science Press
840,New Delhi Publisher
841,New Ground Research Journals
842,New Science
843,New Science Series Journals (NSSJ)
844,New Scientist Publishers
845,New World Publishing
846,New World Sciences Academy
847,Newpubli
848,Nextgen Research Publications (publishes IJNTR)
849,Nexus Academic Publishers (NAP)
850,nhsJournal
851,Nobel International Journals
852,Noble Academic Publisher (NAP)
853,NobleResearch
854,Non Olympic Times
855,North American Research Publishing
856,North Asian International Research Journal Consortium (NAIRJC)
857,North Atlantic University Union
858,Noto-are
859,Nova Explore Publications
860,Novel Science
861,Novelty Journals (see also Social Science Journals)
862,Novus Scientia Journals
863,Nuclei Online
864,OA Publishing London
865,"OAE Publishing, Inc. (OAE)"
866,Oak-Fortress Journals
867,OASP Journals
868,Oceanic Journals
869,Ocimum Scientific Publishers
870,Ology Journals
871,Ology Science
872,OMICS International (OMICS Publishing Group)
873,Ommega Publishers
874,OneCentral Press
875,Onjourn
876,Online Journals Management System (OJMS)
877,Online Research Journals
878,Online Science Publishing
879,Onomy Science (Onomy Journals)
880,OPAST
881,Open Academic Press
882,Open Access (OA) Publication
883,Open Access eBooks
884,Open Access Journal Limited (The OJAL)
885,Open Access Journals
886,Open Access Journals Publishing Company
887,Open Access Library
888,Open Access Pub (also here)
889,Open Access Publishing Group
890,Open Access Science Research Publisher (OASRP)
891,Open Access Scientific Knowledge (OASK) Publishers
892,"Open Access Text (OAT, OA Text)"
893,Open BioMedical Publishing Corporation (OBM) (see also LIDSEN Publishing Inc.)
894,Open Exploration
895,Open Journal Systems
896,Open Knowledge Journals
897,Open Research and Science Library (ORSlib)
898,Open Research Network
899,Open Research Society
900,Open Science
901,Open Science Publications
902,OpenAccessPub (also here)
903,Openventio Publishsers
904,OPR Science
905,ORB Academic Publisher
906,Orbit Research and Development
907,ORIC Publications
908,Oriental Scientific Publishing Company
909,Oxbridge Publishing House
910,Ozean Publications
911,OZZIE Publishers
912,Pacesetter Online Publishers
913,Pacific Group of e-Journals (PaGe)
914,Pak Publishing Group
915,Pakistan Science Mission (PSM)
916,Palgo Journals
917,Panacea Research Library
918,Paper Publications (see also Social Science Journals)
919,PaperSciences Research Publisher
920,Paramount Journals
921,PBS Journals
922,Peak Journals
923,Pearl Publication
924,Pearl Research Journals
925,Peertechz (Peer Teechz)
926,Pelagia Research Library
927,Pencil Academic Press
928,Pezzottaite Journals
929,Pharma Intelligence
930,Pharma Publisher
931,Pharma Research Library
932,Pharmaceutical Research Foundation
933,PharmaInfo
934,PharmaInterScience Publishers
935,Pharmascope Publications
936,Philippine Association of Institutions for Research (PAIR)
937,Photon Foundation
938,"Phronesis, LLC"
939,Pinnacle Journal Publication
940,Pinnacle Research Journals (PRJ)
941,Pioneer Scientific Publisher
942,PiscoMed Publishing
943,Planetary Scientific Research Center (PSRC)
944,Platinum Global Journals
945,Prague Development Center (PRADEC)
946,Premier Publishers
947,Premier Science
948,PressAcademia
949,Prime Journals
950,Pristine Research Journal Publications (PRJP)
951,Priyanka Research Journal Publication
952,Progress Publishing Company (see International Journal of Academic Research Publisher)
953,Progressive Academic Publishing
954,Progressive Science Publications
955,Project Innovation (also here)
956,ProJournals (Professional Journals)
957,Proscience Journals
958,Prudence Journals
959,Prudent Journals
960,Pubicon International Publications (Pubicon Journals)
961,Public Science Framework
962,Publishing House of Sciences (PHS)
963,Publishing Press
964,PubMedHouse
965,Pulsus Group
966,Purple Journals
967,Pushpa Publishing House
968,Pyrex Journals
969,Qingres
970,Quazzy Journals
971,Quest Journals
972,R&S Publications
973,R&D Modern Research Publication
974,Raft Publications
975,RAJ Group
976,Rating Academy
977,Readers Insight Publishers
978,Recent Science
979,Red Flower Publication Private Limited
980,ReDelve International Publications
981,RedFame Publishing
982,Remedy Publications
983,Renu Publishers
984,Research & Analysis Journals (RA Journals)
985,Research & Development Organization
986,Research & Reviews (International Journals)
987,Research Academy of Social Sciences (RASS)
988,Research Alert Journals
989,Research and Educational Society
990,Research and Knowledge Publication
991,Research and Scientific Innovation Society (RSIS)
992,Research Center of Education and Science (RCES)
993,Research Centre for Management and Social Studies (RCMSS)
994,Research Consultants and Publisher
995,Research Foundation for Humanity (RFH)
996,Research India Publications (RIP)
997,Research Infotext
998,Research Institute for Progression of Knowledge (RIPK)
999,"Research Institute for Science, Technology, and Society (RISTaS)"
1000,Research Journal
1001,Research Novelty Publisher (RNP)
1002,Research Open
1003,Research Pioneers
1004,Research Publish Journals (see also Social Science Journals)
1005,Research Publisher
1006,Research Publishing Group
1007,Research Route
1008,Research Script
1009,Research Trend
1010,Research WebPub
1011,"Research, Science, and Technology Publishers (RST)"
1012,Researchjournali
1013,ResearchLEAP
1014,Revistas Academicas
1015,Revotech Press
1016,RG Education Society (RG Journals of Scientific Research)
1017,Rising Vision (RV)
1018,Rivera Publications
1019,RM Research International Pte. Ltd
1020,Ross Science Publishers
1021,RS Publication
1022,"Rutveg Publishing, Inc."
1023,RW|ResearchWorld
1024,S Open Access Open Journals Publishing (SOAOJ)
1025,Sacha And Diamond Academic Publishers
1026,Sadguru Publications
1027,SAE Publications (Scientific and Academica Editores Publication house - SAEP)
1028,Sageya Publishers
1029,Sai Om Publications
1030,Sai Scientific Communications
1031,Sakun Publishing House (SPH)
1032,SAMANM Group of Research Publications (SGRP)
1033,Sanford Inter Science Press
1034,Sans Publishing Group
1035,Sapient Press
1036,Savant Journals
1037,SAVAP International
1038,Savvy Science Publisher
1039,Scholar Journals
1040,Scholar People
1041,Scholar Publications
1042,Scholar Science Journals
1043,ScholArena (also here)
1044,Scholarlink Resource Centre Limited
1045,Scholarly and Academic Research Journals (SARJ)
1046,Scholarly Journals
1047,Scholarly Pages (new website of The Scientific Pages)
1048,Scholarly Research Journal’s
1049,Scholarly Research Publisher
1050,Scholars Academic and Scientific Publishers (SAS Publishers)
1051,Scholars Academic and Scientific Society (SAS Society)
1052,Scholars Middle East Publishers
1053,Scholars Research Library
1054,Scholars Scitech Research
1055,ScholarsHub.net
1056,Scholedge R&D Center
1057,Scholink
1058,Scholoxy Publications
1059,Sci Forschen
1060,SciAccess Publisher (SciAccess Publishers)
1061,SCIAEON
1062,Sci-Afric Publishers
1063,SciDoc Publishers
1064,Sci-Edit Publications
1065,Sciedu Press
1066,Science & Engineering Research Support soCiety (SERSC)
1067,Science & Knowledge Publishing Corporation Limited
1068,Science Academy Publisher
1069,Science Alert
1070,Science and Education Centre of North America
1071,Science and Education (SciEP sciepub.com)
1072,Science and Engineering Publishing Company
1073,Science and Knowledge Research Society (SandK Research Society)
1074,Science and Technology Central
1075,Science and Technology Publishing
1076,Science Arena Publications
1077,Science Education Foundation
1078,Science Explorer Publications (explorerpub.com)
1079,Science Fair Open Library (SFOL)
1080,Science Huβ
1081,Science Instinct Publications
1082,Science Journal Publication (SJP)
1083,Science Park Journals
1084,Science Park Research Organization and Counseling (SPROC)
1085,Science Publications (www.sciencepublication.org)
1086,Science Publications (www.thescipub.com)
1087,Science Publishing Corporation
1088,Science Publishing Gate (SPG)
1089,Science Publishing Group (also known as SciencePG and SCIPG)
1090,Science Publishing Group (spg.ltd)
1091,Science Q Publishing Group
1092,Science Record Journals
1093,Science Repository
1094,Science Research Association (SCIREA)
1095,Science Research Library (SRL)
1096,Science Sights
1097,Science Signpost Publishing Inc. (SSPub)
1098,Science Target
1099,Science Web Publishing (Scienceweb Publishing)
1100,ScienceDomain International (Science Domain International – SDI) (also here and here)
1101,ScienceFlora
1102,ScienceForecast Publications LLC
1103,Scienceline Publications
1104,Sciences & Engineering Research Publication
1105,ScienceScholar (UTM Publication)
1106,ScienceScript
1107,ScienceSolve
1108,Sciencevier
1109,Scienpress Ltd.
1110,Scient Open Access
1111,ScienTech Publisher
1112,Scientia Ricerca
1113,Scientia Socialis
1114,Scientia Socialis
1115,Scientific & Academic Publishing
1116,Scientific & Academic Publishing (SAP)
1117,Scientific Advances Publishers
1118,Scientific Cooperations
1119,Scientific Education
1120,Scientific Federation (SciFed)
1121,Scientific Future
1122,Scientific Institute For Advanced Training and Studies (SIATS)
1123,Scientific Journals
1124,Scientific Journals International
1125,Scientific Literature
1126,Scientific Online Publishing
1127,Scientific Open Access Journals (SOAJ)
1128,Scientific Perspectives Publishing (Scipers)
1129,Scientific Planet
1130,Scientific Platform Online Journals
1131,Scientific Research and Community
1132,Scientific Research Gate
1133,Scientific Research Publishing (SCIRP)
1134,Scientific Times
1135,Scientific Viewers
1136,ScientificWebJournals (SWJ)
1137,SciForschen (see Sci Forschen)
1138,Scigmoid
1139,Sciknow
1140,Scimaze Group (Scimaze Publishers)
1141,Scinzer Scientific Publications
1142,SciPress Ltd
1143,SciRes Literature
1144,SciRex
1145,SCITECH
1146,SciTech Central Inc.
1147,SciTechnol
1148,Scitechz
1149,SciVision Publishers (SciVision Publishing Group)
1150,Scopub (see WisdomGale)
1151,ScottishGroup Education and Testing Services
1152,Scribes Guild
1153,SDIP Press
1154,SEAHI Publications & Academic Journals (SEAHI PAJ)
1155,Segment Journals
1156,Seitejournals
1157,Serials Publications Pvt Ltd
1158,SETScholars
1159,Seven Publicações Acadêmicas
1160,Seventh Sense Research Group Journals
1161,Shri Param Hans Education & Research Foundation Trust
1162,Sift Desk
1163,Significs Online Publishing
1164,Signpost e Journals
1165,Silicon Valley Publishers
1166,Singaporean Journals
1167,SJournals
1168,Sky Journals
1169,Slovakia Academic Publishing (SVAP)
1170,SM Group (SM Online Publishers)
1171,Smart Science & Technology
1172,SmatPub
1173,Smile Nation – Lets Smile Together
1174,Smith & Franklin Academic Publishing Corporation
1175,Social Science Journals (a website created by three predatory publishers)
1176,Society for Advancement of Sciences
1177,Society for Science and Education United Kingdom (also called Society for Science and Education – SSE UK)
1178,Society for Science and Nature
1179,Society of Business Research
1180,Society of Education
1181,Society of Engineering Science and Technology (SEST India)
1182,Sons and Daughters Publishing House (SDPHI; E-JOURNALDIRECT)
1183,"Source, Source Journals"
1184,South Asian Academic Publications
1185,South Asian Academic Research Journals
1186,South Florida Publishing
1187,Southern Cross Publishing Group
1188,Speak Foundation
1189,SPIRI The Global Research
1190,Spring City Culture International Group Pte Ltd. (also here)
1191,Spring International S&T Publishing Media Co. (Spring Media Publishing)
1192,Spring Journals
1193,Springwood Publishing Corporation
1194,Sprint Journals
1195,Sri Krishna International Research & Educational Consortium (SKIREC)
1196,Sryahwa Publications
1197,SS Publications
1198,St. Anne Mary Publication
1199,Standard Global Journals
1200,Standard Research Journals
1201,Statperson Publishing Corporation
1202,Stechnolock
1203,STM Connect
1204,Streem Journal
1205,Stringer Open
1206,Studies Publicações
1207,SunKrist Publishing
1208,SunText Reviews
1209,Suryansh Publications
1210,Sustainable Scientific Publisher
1211,Sustenere Publishing or Companhia Brasileira de Produção Científica (CBPC)
1212,SV Publication
1213,Swan Open
1214,Swedish Scientific Publications
1215,Swift Journals
1216,Swiss Journals
1217,Symbiosis (Symbiosis Online Publishing)
1218,Synchro Publisher
1219,Synergy Publishers
1220,Synotec Publishers
1221,Syntax Publishers
1222,T&S Journal PUblications
1223,TAF Publishing
1224,Takayama Publishing Group
1225,Takshila
1226,Taraksh Journals
1227,Techmind Research
1228,Technical Journals Online
1229,Techno Science Academy
1230,Technopark Publications
1231,Terminal Journals
1232,Textroad Journals
1233,Thales Academic Publisher
1234,Thavan E ACT International Journals
1235,The 5th Publisher
1236,The American Publishing House (TAPH)
1237,The Center for Innovations in Business & Management Practice
1238,The Clute Institute
1239,The Economics and Social Development Organization (TESDO)
1240,The European Scientific Community
1241,The Global Journals
1242,The Institute for Business and Finance Research (IBFR)
1243,"The International Academy, Research and Industry Association (IARIA)"
1244,The International Journal Research Publications (TIJ Research Publications)
1245,The Science and Information Organization (SAI)
1246,The Scientific Pages (new website at Scholarly Pages)
1247,The Standard International Journals
1248,The Academy of Business & Retail Management (ABRM)
1249,The Business Management Centre
1250,The Grant Medical Journals (GMJ)
1251,"The International Association for Information, Culture, Human and Industry Technology"
1252,The International Technology Innovation (ITi)
1253,The Research and Information Organization (RIO)
1254,The Science Publishers (TSP)
1255,The SciTech Publishers
1256,The Society of Digital Information and Wireless Communications (SDIWC)
1257,The World Academy of Research in Science and Engineering (WARSE)
1258,Thetic Journals
1259,Thomson & Ryberg Publications
1260,Thomson.id
1261,TI Journals
1262,Time Journals
1263,Timeline Publication Pvt. Ltd.
1264,TLEP Journals (The Leading Edge Journal Publication Company)
1265,TMR Publishing Group
1266,Tomas Publishing
1267,Topclass Global Journals
1268,"Trade Science, Inc"
1269,Trans Stellar (Transstellar)
1270,Transaction Series on Engineering Sciences and Technologies
1271,Transcontinental Publishers
1272,Transnational Research Journals (formerly Universal Research Journals)
1273,"TSNS “Interaktiv plus”, LLC"
1274,TSPublications
1275,Tulpar Academic Publishing
1276,U.S. Science Press
1277,UHIVE (Uluslararası Hakemli İletişim ve Edebiyat Araştırmaları Dergisi) (also here)
1278,UK Education Consultancy Services Ltd
1279,Ulster Press
1280,Unified Journals
1281,Unique Journals Communication (UJC)
1282,Unique Research Journals
1283,Uniscience Publishers
1284,"United Prime Publications, Universal Access Medical Publishers"
1285,United Scholars Publications
1286,United Scientific Group
1287,Universal Association of Computer and Electronics Engineers (UACEE)
1288,Universal Association of Mechanical and Aeronautical Engineers (UAMAE)
1289,Universal Publishing & Research Organization (UPRO)
1290,Universal Research Group
1291,Universal Research Publications
1292,Universal Wiser Publisher
1293,Universe Scientific Publishing
1294,UniversityPublications.net
1295,Universum Scientific Journals (also here)
1296,Uptodate Research Publication
1297,URO Journals
1298,USN Scientific Journal
1299,Valley International Journals
1300,VBRI Press
1301,Verizona Publisher (VZP)
1302,"Vernon Innovative Publishers (Vernon, VIPOA, Vernon Open Access)"
1303,VIBGYOR Online Publishers
1304,Victorquest Publications
1305,Vidya Publications
1306,Virtual Foundation for Advancement of Science and Technology (VFAST)
1307,Virtus Interpress
1308,"Vision Science Research Sdn Bhd (VSR, see also Universe Scientific Publishing)"
1309,VNMPublication
1310,Vow Scientific Quest
1311,VRJ Publishers
1312,VSRD International Journals
1313,Walsh Medical Media
1314,Watch Plus
1315,Webcrawler Journals
1316,Wesley & Eber Publishing
1317,West East Institute
1318,We-Together to Save Yourself Society
1319,WFL Publisher
1320,Whioce Publishing Pte. Ltd.
1321,Whites Science
1322,Wilolud Journals
1323,Wireilla Scientific Publications
1324,WisdomGale Academic Publishing
1325,WIT Press
1326,WOAR Journals (World Organization of Academic Research)
1327,World Academic Journal of Business & Applied Sciences (WAJBAS Publishing)
1328,World Academic Publishing
1329,World Academic Research Journals (WARJ)
1330,World Academic Union
1331,World Academy of Research and Publication
1332,World Academy of Science and Technology (WAST)
1333,"World Academy of Science, Engineering and Technology (WASET)"
1334,World Business Institute (also here)
1335,World Journal of Publisher (WJP)
1336,World Journals of Academic Advances
1337,World Open Access Journals
1338,World Research Journals
1339,World Research Library
1340,World Research Publications
1341,World Scholars
1342,World Science and Research Publishing (WSRP)
1343,World Science Publisher
1344,World Science Research Journals (WSR Journals)
1345,World Scientific and Engineering Academy and Society (WSEAS)
1346,World Scientific Publishing
1347,World Standard Organization
1348,World Wide Journals (Sara Book Publication)
1349,Wudpecker Research Journals
1350,Wyno Academic Journals
1351,Wyvern Publishing Group
1352,Xia & He Publishing (also here)
1353,Yellow Loop Journal
1354,Zant World Press
1355,Zeal Scienza Realm of Erudition
1356,ZealSci Journals
1357,Zeetarz Group Publishing
1358,Zendo Academic Publishing (ZAP)
1359,Zenith International Research and Academic Foundation (ZIRAF)
1360,Zia World Press
1361,ZolCat Academic House
1362,Zt-Journals
1363,Zygoscient